id,sents,expr,polarity,labels,target_repr
8,"baik , tetapi sudah tidak diadakan di aplikasi airy .",baik,-,"([-1], [0], ","(hotel, baik, "
10,cukup bersih dan wifi okelah .,cukup bersih,-,"([-1], [0, 1], ","(hotel, cukup bersih, "
11,sudah cukup baik . harga segitu cuma untuk istirahat sudah sangat bagus . hanya saja air hangatnya kurang berfungsi dengan baik .,cukup baik,-,"([-1], [1, 2], ","(hotel, cukup baik, "
21,pelayanan yang ramah dan fasilitas yang mencukupi . recommended .,recommended,-,"([-1], [8], ","(hotel, recommended, "
22,"proses check in lama , kamar belum disiapkan , pesan kamar airy tetapi lihat kamarnya bukan airy , berisik .",berisik,-,"([-1], [18], ","(hotel, berisik, "
26,"mantap , rapi , ada snacknya air mineral , ac dingin banget , ada water heater buat mandi .",mantap,-,"([-1], [0], ","(hotel, mantap, "
26,"mantap , rapi , ada snacknya air mineral , ac dingin banget , ada water heater buat mandi .",rapi,-,"([-1], [2], ","(hotel, rapi, "
28,pelayanan sangat menyengkan dan ramah . kalau ke malang pasti ke sini lagi .,pasti ke sini lagi,-,"([-1], [9, 10, 11, 12], ","(hotel, pasti ke sini lagi, "
33,bersih dan nyaman . letak strategis . rekomended .,bersih,-,"([-1], [0], ","(hotel, bersih, "
33,bersih dan nyaman . letak strategis . rekomended .,nyaman,-,"([-1], [2], ","(hotel, nyaman, "
33,bersih dan nyaman . letak strategis . rekomended .,rekomended,-,"([-1], [7], ","(hotel, rekomended, "
35,"tempatnya strategis , pelayanannya baik , nyaman dan lengkap .",nyaman,-,"([-1], [6], ","(hotel, nyaman, "
35,"tempatnya strategis , pelayanannya baik , nyaman dan lengkap .",lengkap,-,"([-1], [8], ","(hotel, lengkap, "
37,"bersih , nyaman , jauh dari keramaian , staf ramah . good rekomen .",bersih,-,"([-1], [0], ","(hotel, bersih, "
37,"bersih , nyaman , jauh dari keramaian , staf ramah . good rekomen .",nyaman,-,"([-1], [2], ","(hotel, nyaman, "
37,"bersih , nyaman , jauh dari keramaian , staf ramah . good rekomen .",jauh dari keramaian,-,"([-1], [4, 5, 6], ","(hotel, jauh dari keramaian, "
37,"bersih , nyaman , jauh dari keramaian , staf ramah . good rekomen .",good,-,"([-1], [11], ","(hotel, good, "
37,"bersih , nyaman , jauh dari keramaian , staf ramah . good rekomen .",rekomen,-,"([-1], [12], ","(hotel, rekomen, "
38,"overall bagus semua , recomended lah pokoknya .",recomended,-,"([-1], [4], ","(hotel, recomended, "
40,baik lokasi strategis .,baik,-,"([-1], [0], ","(hotel, baik, "
43,"resepsionis baru bangun . pelayanan kurang ramah , sampai disana pun kamar belum disiapkan , padahal sudah jauh banget dari jam check in , terus ac tidak nyala dan harus menunggu lagi , waktu check out juga mengecewakan . saya tidak ingin menginap dihotel ini lagi .",saya tidak ingin menginap dihotel ini lagi,-,"([-1], [39, 40, 41, 42, 43, 44, 45], ","(hotel, saya tidak ingin menginap dihotel ini lagi, "
44,kurang bersih saja . tetapi keseluruhan lumayan lah .,kurang bersih,-,"([-1], [0, 1], ","(hotel, kurang bersih, "
45,"hmm tidak sesuai ekpektasi , bangunan lama dan kurang bersih , kamar mandinya airnya mengalir terus , jadi berisik , tv masih tabung , kecewa sih untuk di harga itu tetapi fasilitas seperti itu , sarapannya juga tidak banyak pilihan , pas mau makan sudah dingin recepsionis tidak ramah .",tidak sesuai ekpektasi,-,"([-1], [1, 2, 3], ","(hotel, tidak sesuai ekpektasi, "
48,"tempatnya bagus , nyaman , recommended pokoknya .",recommended,-,"([-1], [5], ","(hotel, recommended, "
50,oke ibunya baik dan ada kolam renang .,oke,-,"([-1], [0], ","(hotel, oke, "
56,"dengan harga segitu , bisa dapat kamar penginapan yang full fasilitas . mulai air hangat , ac , dan tv dengan saluran lengkap .",dengan harga segitu,-,"([-1], [0, 1, 2], ","(hotel, dengan harga segitu, "
57,"lumayan twrjangkau , putaran air keran nya kadang panas kadang dingin : ) .",lumayan twrjangkau,-,"([-1], [0, 1], ","(hotel, lumayan twrjangkau, "
63,nyaman sih . cuma agak sempit . makanan lumayanlah untuk perut lapar . tetapi kopinya amat sangat tidak enak . pelayanan ramah . kamar bersih . kurang relah rela beli neskafe sachet dari pada minum kopinya hotel .,nyaman,-,"([-1], [0], ","(hotel, nyaman, "
63,nyaman sih . cuma agak sempit . makanan lumayanlah untuk perut lapar . tetapi kopinya amat sangat tidak enak . pelayanan ramah . kamar bersih . kurang relah rela beli neskafe sachet dari pada minum kopinya hotel .,agak sempit,-,"([-1], [4, 5], ","(hotel, agak sempit, "
70,pilih kamar yang kasurnya muat 2 orang . awalnya bagus tetapi tengah malam listriknya habis dan disuruh pindah kamar yang kasurnya lebih kecil . tidak ada disediakan pouch yang isinya perlengkapan mandi . agak kecewa sebenarnya .,agak kecewa,-,"([-1], [33, 34], ","(hotel, agak kecewa, "
74,"pelayanan nya memuaskan , kamar nya bersih dan rapi . hanya saja breakfast nya tidak sesuai dengan kapasitas room nya , alias cepat habis .",cepat habis,-,"([-1], [22, 23], ","(hotel, cepat habis, "
76,"sekilas terlihat mewah tetapi banya yang kurang , toilet kotor , handuk sangat kecil seperti lap kamar mandi , kamar banyak nyamuk , masa kamar mewah tidak dapat selimut . payah !",payah,-,"([-1], [30], ","(hotel, payah, "
77,"tempatnya bersih dan nyaman , good , like it .",good,-,"([-1], [5], ","(hotel, good, "
84,lumayan lah . meski lelah naik turun tangga mantap .,lumayan,-,"([-1], [0], ","(hotel, lumayan, "
84,lumayan lah . meski lelah naik turun tangga mantap .,mantap,-,"([-1], [8], ","(hotel, mantap, "
85,kolam renang nya kotor sik . tetapi pelayanannya lumayan untuk budget sangat .,sangat,-,"([-1], [11], ","(hotel, sangat, "
88,cocoklah untuk singgah 1 2 hari . nyaman dan tidak bau kamar mandinya .,nyaman,-,"([-1], [7], ","(hotel, nyaman, "
98,suka banget pakai airy . dihotelnya juga nyaman memang cuma sinyalnya yang susah tetapi pelayanan suka dengan harga segitu cucp habis besok q pakai airy lagi kalau psanpsan hotel .,besok q pakai airy lagi,-,"([-1], [21, 22, 23, 24, 25], ","(hotel, besok q pakai airy lagi, "
99,"cukup baik hanya sedang renovasi jadi terlihat kotor , pelayanan oke .",cukup baik,-,"([-1], [0, 1], ","(hotel, cukup baik, "
99,"cukup baik hanya sedang renovasi jadi terlihat kotor , pelayanan oke .",kotor,-,"([-1], [7], ","(hotel, kotor, "
100,"good , kamar agak sempit , pelayan oke lah .",good,-,"([-1], [0], ","(hotel, good, "
106,"pelayanan ramah , hotel baru , kamar mandi besar , tetapi sayangnya air panas untuk malam tidak menyala ( agak kecewa dengan ini ) .",agak kecewa,-,"([-1], [19, 20], ","(hotel, agak kecewa, "
111,"bagus , ramah , siklus udara di toilet perlu di perbaiki .",bagus,-,"([-1], [0], ","(hotel, bagus, "
111,"bagus , ramah , siklus udara di toilet perlu di perbaiki .",ramah,-,"([-1], [2], ","(hotel, ramah, "
112,"sangat memuaskan . tempat nyaman , bersih , penjaga nya ramah , dekat dengan prawirotaman . harga terjangkau .",sangat memuaskan,-,"([-1], [0, 1], ","(hotel, sangat memuaskan, "
112,"sangat memuaskan . tempat nyaman , bersih , penjaga nya ramah , dekat dengan prawirotaman . harga terjangkau .",bersih,-,"([-1], [6], ","(hotel, bersih, "
113,"enak sih . bagus . tetapi kamar mandinya bau banget , sampai tidak tahan baunya . tolong diperbaiki iya bagaimana caranya supaya tidak bau .",enak,-,"([-1], [0], ","(hotel, enak, "
113,"enak sih . bagus . tetapi kamar mandinya bau banget , sampai tidak tahan baunya . tolong diperbaiki iya bagaimana caranya supaya tidak bau .",bagus,-,"([-1], [3], ","(hotel, bagus, "
114,"murah meriah , kamarnya nyaman , rekomended lah .",murah meriah,-,"([-1], [0, 1], ","(hotel, murah meriah, "
114,"murah meriah , kamarnya nyaman , rekomended lah .",rekomended,-,"([-1], [6], ","(hotel, rekomended, "
115,"bersih , bangunan bagus , fasilitas sesuai , pelayanan oke . tetapi kamar tidak sesuai dengan foto yang ditampilkan di airy .",bersih,-,"([-1], [0], ","(hotel, bersih, "
133,"kecewa berat belum check in mau cencel gede rasa "" ada bwk kwn mau rayain ulang tahun tk di perbolehkan . harus ada surat nikah apalah ribet . sudah tk check in tk bisa cencel uang tk di kemblikan bad !",kecewa berat,-,"([-1], [0, 1], ","(hotel, kecewa berat, "
143,"bersih , nyaman dan berlokasi di pusat kota .",bersih,-,"([-1], [0], ","(hotel, bersih, "
143,"bersih , nyaman dan berlokasi di pusat kota .",nyaman,-,"([-1], [2], ","(hotel, nyaman, "
144,"mantap , kamar bersih , fasilitas mewah , pelayanan ramah . sangat recommended .",mantap,-,"([-1], [0], ","(hotel, mantap, "
144,"mantap , kamar bersih , fasilitas mewah , pelayanan ramah . sangat recommended .",sangat recommended,-,"([-1], [11, 12], ","(hotel, sangat recommended, "
150,"cukup baik , namun fasilitas kamarnya banyak yang rusak .",cukup baik,-,"([-1], [0, 1], ","(hotel, cukup baik, "
155,"lumayan lah . sangat terjangkau , namun perlu ada yang dibenahi soal kebersihan kasurnya . kemarin saya mendapati kasurnya jorok , banyak helai rambut , sepertinya belum dibersihkan belum diganti seprai bekas pengunjung sebelumnya .",lumayan,-,"([-1], [0], ","(hotel, lumayan, "
155,"lumayan lah . sangat terjangkau , namun perlu ada yang dibenahi soal kebersihan kasurnya . kemarin saya mendapati kasurnya jorok , banyak helai rambut , sepertinya belum dibersihkan belum diganti seprai bekas pengunjung sebelumnya .",sangat terjangkau,-,"([-1], [3, 4], ","(hotel, sangat terjangkau, "
155,"lumayan lah . sangat terjangkau , namun perlu ada yang dibenahi soal kebersihan kasurnya . kemarin saya mendapati kasurnya jorok , banyak helai rambut , sepertinya belum dibersihkan belum diganti seprai bekas pengunjung sebelumnya .",banyak helai rambut,-,"([-1], [21, 22, 23], ","(hotel, banyak helai rambut, "
158,kamarnya oke banget . brsih dan juga ramah . recomended banget .,brsih,-,"([-1], [4], ","(hotel, brsih, "
158,kamarnya oke banget . brsih dan juga ramah . recomended banget .,ramah,-,"([-1], [7], ","(hotel, ramah, "
158,kamarnya oke banget . brsih dan juga ramah . recomended banget .,recomended banget,-,"([-1], [9, 10], ","(hotel, recomended banget, "
171,"sudah ke 2 kalinya pesan kamar airy . selalu puas . pelayananya oke , dapat snack , bathroom set .",selalu puas,-,"([-1], [8, 9], ","(hotel, selalu puas, "
176,"bersih , dilantai bawah ada indomaret .",bersih,-,"([-1], [0], ","(hotel, bersih, "
180,"sudah tua , air panasonic tidak jalan .",sudah tua,-,"([-1], [0, 1], ","(hotel, sudah tua, "
181,"nyaman , bersih dan pelayanan yang sangat baik .",nyaman,-,"([-1], [0], ","(hotel, nyaman, "
181,"nyaman , bersih dan pelayanan yang sangat baik .",bersih,-,"([-1], [2], ","(hotel, bersih, "
182,"kamar luas , ac dingin , bersih . toilet tua dan tidak ada water heater . semoga lebih baik setelah renovasi .",bersih,-,"([-1], [6], ","(hotel, bersih, "
189,"lokasi memang strategis walaupun memang agak terganggu karena tepat di depan hotel sedang ada pembangunan . namun resepsionis laki laki yang rambutnya di cat sedikit warna putih , tidak ada senyum sama sekali , cenderung kaku seperti robot .",agak terganggu,-,"([-1], [5, 6], ","(hotel, agak terganggu, "
193,sangat nyaman dan pemandangan nya bagus .,sangat nyaman,-,"([-1], [0, 1], ","(hotel, sangat nyaman, "
194,"waktu prtama kali masuk lantainya basah banget padahal checkin sore sekitar jam 4 atau set 5 . terus waktu masuk toilet dan menyalakan showernya untuk buang air kcl tidak nyala , bahkan bocor kemana mana kena celana . kemudian tidak dapat handuk dan selimut ! tv nya juga buram banyak semutnya . kecewa .",kecewa,-,"([-1], [52], ","(hotel, kecewa, "
200,kamarnya diksh yang jauh sekali padahal pgn renang tetapi jauh turunnya dan jauh juga ke lobi . cumaa tenang dan jauh dari kramaian sja .,tenang,-,"([-1], [18], ","(hotel, tenang, "
202,"murah , dekat ke bandara dan joger , gampang sewa motor , resepsionis nya ramah dan baik .",murah,-,"([-1], [0], ","(hotel, murah, "
205,"dekat ke malioboro , minimarket , rental , becak . recommended .",recommended,-,"([-1], [10], ","(hotel, recommended, "
206,"pelayanan bagus , rapi dan bersih .",rapi,-,"([-1], [3], ","(hotel, rapi, "
206,"pelayanan bagus , rapi dan bersih .",bersih,-,"([-1], [5], ","(hotel, bersih, "
210,"bersih dan aman , lokasi strategis , dekat kuliner dan mart di kawasan bsd .",bersih,-,"([-1], [0], ","(hotel, bersih, "
210,"bersih dan aman , lokasi strategis , dekat kuliner dan mart di kawasan bsd .",aman,-,"([-1], [2], ","(hotel, aman, "
215,mantapp lah . wifi kencang .,mantapp,-,"([-1], [0], ","(hotel, mantapp, "
216,"mantapa sih , cuma akan lebih baik kalau ada sandal di dalam ruangan hotel .",mantapa,-,"([-1], [0], ","(hotel, mantapa, "
221,bagus seh tetapi ac nya panas .,bagus,-,"([-1], [0], ","(hotel, bagus, "
226,"pokok nya puas , tenang suasana nya .",pokok nya puas,-,"([-1], [0, 1, 2], ","(hotel, pokok nya puas, "
228,"memuaskan , sendok sama garpu nya kurang bersih .",memuaskan,-,"([-1], [0], ","(hotel, memuaskan, "
234,keluarga ketinggalan kacamata baca tetapi baru beberapa jam kemudian kami datangi kembali informasi yang kami dapat justru sangat mengecewakan bahwa kacamata tersebut sudah dibuang . hal ini yang sangat disesalkan sekali bukannya disimpan terlebih dahulu .,sangat mengecewakan,-,"([-1], [17, 18], ","(hotel, sangat mengecewakan, "
236,kebersihan sama pelayanannya oke . recommended banget .,recommended banget,-,"([-1], [5, 6], ","(hotel, recommended banget, "
238,"sangat puas , pelayanan baik .",sangat puas,-,"([-1], [0, 1], ","(hotel, sangat puas, "
241,"berisik , suara dari luar or kamar sebelah terdengar jelas . kamar mandi nya juga kotor , agak bercorak .",berisik,-,"([-1], [0], ","(hotel, berisik, "
244,"kamarnya sempit banget , sampai pintu saja mentok sama ujung tempat tidur , terus karyawannya tidak helpfull , pas mau sarapan jam 7 pagi ternyata belum siap apapun , semua kosong melompong , karyawannya baru mulai masak , teh dan kopi pun belum tersedia , mohon diperbaiki lagi .",mohon diperbaiki lagi,-,"([-1], [45, 46, 47], ","(hotel, mohon diperbaiki lagi, "
248,"air panas tidak bisa , dan berisik sekali karena ada pembenahan kamar , jadi tidak bisa tidur selama saya menginap 2 hari .",berisik sekali,-,"([-1], [6, 7], ","(hotel, berisik sekali, "
249,"nyaman , tetapi baru kali ini inap di airy ini tidak dapat snack box yang biasanya di kasih .",nyaman,-,"([-1], [0], ","(hotel, nyaman, "
255,kotor dan tidak bagus servicenya . kapok banget .,kotor,-,"([-1], [0], ","(hotel, kotor, "
255,kotor dan tidak bagus servicenya . kapok banget .,kapok banget,-,"([-1], [6, 7], ","(hotel, kapok banget, "
272,"bersih , aman , petugas ramah dan sangat membantu .",bersih,-,"([-1], [0], ","(hotel, bersih, "
272,"bersih , aman , petugas ramah dan sangat membantu .",aman,-,"([-1], [2], ","(hotel, aman, "
277,dengan harga murah kita bisa dapat lebih untuk kalangan anak backpaper seperti saya . recommended ban .,recommended,-,"([-1], [14], ","(hotel, recommended, "
278,"pelayanan ramah , bersih dan fasilatas sesuai , cuma wifi agak lambat saja . lokasi dekat kemanakemana .",bersih,-,"([-1], [3], ","(hotel, bersih, "
279,"bersih , nyaman , lokasi tengah kota . tempat parkir sempit , handuk yang kurang baik .",bersih,-,"([-1], [0], ","(hotel, bersih, "
279,"bersih , nyaman , lokasi tengah kota . tempat parkir sempit , handuk yang kurang baik .",nyaman,-,"([-1], [2], ","(hotel, nyaman, "
298,"kamar rapi , nyaman , pelayanan ramah . recomended banget deh . tetapi sayang pas buka tirai jendela , pemandangan nya kurang bagus .",recomended banget,-,"([-1], [8, 9], ","(hotel, recomended banget, "
300,"kotor , ac bocor , sandal kamar tidak ada . sarapan pagi tidak ada . seprai dan selimut sudah bulukan . lantai berdebu , rambut dikamar mandi nyumbat saluran air . ihh airy cari rekanan yang bagus sedikit . menyeramkan tidurnya tetapi sudah kemalaman sampai mau bagaimana lagi .",kotor,-,"([-1], [0], ","(hotel, kotor, "
302,"oke lah , kamar bagus sesuai dengan budget , pelayanan ramah .",oke,-,"([-1], [0], ","(hotel, oke, "
304,"banyak jaring laba laba kasur berisik sangat tidak layak dengan nama besar dan sering malang melintang di iklan tv , sangat butuh perbaikan kedepannya .",berisik,-,"([-1], [5], ","(hotel, berisik, "
304,"banyak jaring laba laba kasur berisik sangat tidak layak dengan nama besar dan sering malang melintang di iklan tv , sangat butuh perbaikan kedepannya .",sangat butuh perbaikan,-,"([-1], [20, 21, 22], ","(hotel, sangat butuh perbaikan, "
307,cukup memuaskan dan tempat nya tenang .,cukup memuaskan,-,"([-1], [0, 1], ","(hotel, cukup memuaskan, "
308,"bersih dan rapi , cuma tidak dapat snack , biasanya dapat snack di kamar .",bersih,-,"([-1], [0], ","(hotel, bersih, "
308,"bersih dan rapi , cuma tidak dapat snack , biasanya dapat snack di kamar .",rapi,-,"([-1], [2], ","(hotel, rapi, "
309,"tidak sesuai dengan gambar , kebersihan perlu ditingkatkan .",tidak sesuai dengan gambar,-,"([-1], [0, 1, 2, 3], ","(hotel, tidak sesuai dengan gambar, "
310,"tempatnya nyaman , dekat dengan simpang lima . mudah mencari makanan untuk pagi siang maupun malam .",mudah mencari makanan,-,"([-1], [8, 9, 10], ","(hotel, mudah mencari makanan, "
313,"hotelnya bersih , pelayanan bagus , tenang dan sekitar lokasi banyak kuliner makanan .",tenang,-,"([-1], [6], ","(hotel, tenang, "
323,pelayanannya baik kamar rapi kamar mandi bersih pokoknya oke deh iya .,oke,-,"([-1], [8], ","(hotel, oke, "
328,mantap cuma parkiran mobil agak susah jadi satu sama cafe ada keamanan yang stay 24 jam .,mantap,-,"([-1], [0], ","(hotel, mantap, "
329,bersih dan strategis lokasinya .,bersih,-,"([-1], [0], ","(hotel, bersih, "
330,strategis dan nyaman . akses sangat mudah .,strategis,-,"([-1], [0], ","(hotel, strategis, "
330,strategis dan nyaman . akses sangat mudah .,nyaman,-,"([-1], [2], ","(hotel, nyaman, "
335,"not recommended karena sering air mati , tidak ada air panasnya , tamu berkunjung cuma boleh 5mnt saja , karyawannya judes banget .",not recommended,-,"([-1], [0, 1], ","(hotel, not recommended, "
336,"kondisi kamar standar banget . saya sering menggunakan airy rooms . tetapi kali ini yang paling tidak nyaman . 1 . ac kurang dingin 2 . tidak ada snack 3 . heater water tidak berfungsi 4 . kamar biasa saja not recomended sih , kalau menurut saya .",tidak nyaman,-,"([-1], [16, 17], ","(hotel, tidak nyaman, "
336,"kondisi kamar standar banget . saya sering menggunakan airy rooms . tetapi kali ini yang paling tidak nyaman . 1 . ac kurang dingin 2 . tidak ada snack 3 . heater water tidak berfungsi 4 . kamar biasa saja not recomended sih , kalau menurut saya .",not recomended,-,"([-1], [40, 41], ","(hotel, not recomended, "
339,"banyak nyamuk , bau , keset tidak menyerap air , bednya kotor sampai buat badan gatalgatal .",banyak nyamuk,-,"([-1], [0, 1], ","(hotel, banyak nyamuk, "
339,"banyak nyamuk , bau , keset tidak menyerap air , bednya kotor sampai buat badan gatalgatal .",bau,-,"([-1], [3], ","(hotel, bau, "
340,"rapi , nyaman , lokasi strategis .",rapi,-,"([-1], [0], ","(hotel, rapi, "
340,"rapi , nyaman , lokasi strategis .",nyaman,-,"([-1], [2], ","(hotel, nyaman, "
344,"pelayanan oke , sarapan pagi oke , bisa ditingkat lagi . thank .",bisa ditingkat lagi,-,"([-1], [7, 8, 9], ","(hotel, bisa ditingkat lagi, "
350,cukup nyaman tetapi ac nya kurang dingin .,cukup nyaman,-,"([-1], [0, 1], ","(hotel, cukup nyaman, "
355,tenang cuma agak kepanasan sedikit ac kurang stabil .,tenang,-,"([-1], [0], ","(hotel, tenang, "
355,tenang cuma agak kepanasan sedikit ac kurang stabil .,agak kepanasan,-,"([-1], [2, 3], ","(hotel, agak kepanasan, "
369,"sangat memuaskan , penjaganya ramah . ac cukup dingin .",sangat memuaskan,-,"([-1], [0, 1], ","(hotel, sangat memuaskan, "
373,"overall nyamanlah . lokasi dekat stasiun , banyak warung makan dan laundri si sekitar . ac dingin , kamar mandi lumayan tanpa pemanas , tv oke . cuma agak sempit saja dan wifi tidak bisa diakses .",agak sempit,-,"([-1], [28, 29], ","(hotel, agak sempit, "
377,bersih ramah sayang wifi nya kadang putus koneknya .,bersih,-,"([-1], [0], ","(hotel, bersih, "
377,bersih ramah sayang wifi nya kadang putus koneknya .,ramah,-,"([-1], [1], ","(hotel, ramah, "
378,"bagus ini nyaman banget yang kurang itu coba saja ada termos yang teko buat masak air panas sama teh saset sama gula jadi pagi "" bisa buat teh . tetapi ini sudah bagus kok .",bagus,-,"([-1], [0], ","(hotel, bagus, "
378,"bagus ini nyaman banget yang kurang itu coba saja ada termos yang teko buat masak air panas sama teh saset sama gula jadi pagi "" bisa buat teh . tetapi ini sudah bagus kok .",nyaman banget,-,"([-1], [2, 3], ","(hotel, nyaman banget, "
383,"sangat memuaskan . kamar dibersihkan tiap hari , handuk diganti , ada welcome snack , dilengkapi dengan pemanas air dan pengering rambut .",sangat memuaskan,-,"([-1], [0, 1], ","(hotel, sangat memuaskan, "
385,"good , tetapi tidak dikasih sabun sama snack di hari selanjutnya .",good,-,"([-1], [0], ","(hotel, good, "
391,"nyaman , bersih , lokasi sangat strategis .",nyaman,-,"([-1], [0], ","(hotel, nyaman, "
391,"nyaman , bersih , lokasi sangat strategis .",bersih,-,"([-1], [2], ","(hotel, bersih, "
392,"nyaman , tempat sarapan terlalu kecil .",nyaman,-,"([-1], [0], ","(hotel, nyaman, "
393,"cukup baik kok . tetapi , kamar yang saya dapat no window . dan handuknya kotor , mengeluh . selebihnya seperti ac dan air panas si oke saja .",cukup baik,-,"([-1], [0, 1], ","(hotel, cukup baik, "
395,"nyaman , tenang , sarapan oke .",nyaman,-,"([-1], [0], ","(hotel, nyaman, "
395,"nyaman , tenang , sarapan oke .",tenang,-,"([-1], [2], ","(hotel, tenang, "
398,menyenangkan semua fasilitasnya lengkap .,menyenangkan,-,"([-1], [0], ","(hotel, menyenangkan, "
402,"nyaman dan bersih , pelayanan baik , tetapi channel tv cuma ada 8 dan exhaust fan kamar mandi tidak nyala , mohon ditingkatkan .",nyaman,-,"([-1], [0], ","(hotel, nyaman, "
402,"nyaman dan bersih , pelayanan baik , tetapi channel tv cuma ada 8 dan exhaust fan kamar mandi tidak nyala , mohon ditingkatkan .",bersih,-,"([-1], [2], ","(hotel, bersih, "
404,"pelayanan baik , ramah .",ramah,-,"([-1], [3], ","(hotel, ramah, "
405,"untuk harga murah , worth it . bersih , cukup tenang , mudah ditemukan . dekat alfamidi .",worth,-,"([-1], [4], ","(hotel, worth, "
405,"untuk harga murah , worth it . bersih , cukup tenang , mudah ditemukan . dekat alfamidi .",it,-,"([-1], [5], ","(hotel, it, "
405,"untuk harga murah , worth it . bersih , cukup tenang , mudah ditemukan . dekat alfamidi .",bersih,-,"([-1], [7], ","(hotel, bersih, "
405,"untuk harga murah , worth it . bersih , cukup tenang , mudah ditemukan . dekat alfamidi .",cukup tenang,-,"([-1], [9, 10], ","(hotel, cukup tenang, "
405,"untuk harga murah , worth it . bersih , cukup tenang , mudah ditemukan . dekat alfamidi .",mudah ditemukan,-,"([-1], [12, 13], ","(hotel, mudah ditemukan, "
409,pelayananya ramah dan pokoknya keren banget deh .,keren banget,-,"([-1], [4, 5], ","(hotel, keren banget, "
411,"good , pelayanan sangat ramah dan tempat bersih .",good,-,"([-1], [0], ","(hotel, good, "
416,aman dan nyaman + ac kurang dingin .,aman,-,"([-1], [0], ","(hotel, aman, "
416,aman dan nyaman + ac kurang dingin .,nyaman,-,"([-1], [2], ","(hotel, nyaman, "
427,"lumayanlah , tetapi ruangannya tidak kedap suara . pelayanan nya kurang .",lumayanlah,-,"([-1], [0], ","(hotel, lumayanlah, "
431,bersih . dan dekat stasiun .,bersih,-,"([-1], [0], ","(hotel, bersih, "
433,cukup memuaskan nyaman dan pelayanannya .,nyaman,-,"([-1], [2], ","(hotel, nyaman, "
438,"kamar cukup bersih , sayang tidak sesuai dengan ekspektasi yang digambar . telepon kamar mati ada nyamuk ac tidak dingin tidak ada paket bathroom seperti biasa standar airy .",ada nyamuk,-,"([-1], [15, 16], ","(hotel, ada nyamuk, "
441,"baik cuma buat masukkan kedepannya , kemarin seprainya agak demek seperti belum kering , dengan kondisi musim hujan , menyarankan agar diperhatikan hal tersebut terima kasih .",baik,-,"([-1], [0], ","(hotel, baik, "
445,"nyaman , semua bersih . tetapi sayang air minum dan wifi tidak tersedia .",nyaman,-,"([-1], [0], ","(hotel, nyaman, "
462,"sungguh sangat mengecewakan . saya sangat tidak recommended buat menginap di airy room ini . saya menyesal sudah langsung bayar buat 2 malam , karena saya hanya menginap semalam saja karena sudah trauma , dan tidak mendapat solusi apa pun dari pihak hotelnya .",sangat mengecewakan,-,"([-1], [1, 2], ","(hotel, sangat mengecewakan, "
474,"bersih , seprai wangi , cuma lampu kamarnya yang agak redup ( mungkin biar enak buat bobok x iya ) , over all oke sesuai harga .",bersih,-,"([-1], [0], ","(hotel, bersih, "
495,nyaman dan bersih . dan lemari harus pakai pewangi dong biar tidak bau apekk . terimakasih .,nyaman,-,"([-1], [0], ","(hotel, nyaman, "
495,nyaman dan bersih . dan lemari harus pakai pewangi dong biar tidak bau apekk . terimakasih .,bersih,-,"([-1], [2], ","(hotel, bersih, "
496,"kurang bagus , kamar nya sempit , kamar mandi nya juga kurang bersih , menu breakfast nya juga standar az .",kurang bagus,-,"([-1], [0, 1], ","(hotel, kurang bagus, "
502,bagus . air panas nya tidak menyala .,bagus,-,"([-1], [0], ","(hotel, bagus, "
515,"not recommended ! peraturannya tidak jelas , kamar mandinya kecil , tidak disediakan air minum . ada air tidak .",not recommended,-,"([-1], [0, 1], ","(hotel, not recommended, "
518,bagus . hanya saja untuk air panasnya kurang . karena masih terasa dingin euy . untuk tempat tidur sih bagus dan nyaman .,bagus,-,"([-1], [0], ","(hotel, bagus, "
521,saya puas dengan pelayanan nya yang sangat baik .,puas,-,"([-1], [1], ","(hotel, puas, "
529,"pelayanan sangat baik , parkir lebar , kamar bersih , pokonya puas , next menginap lagi .",puas,-,"([-1], [11], ","(hotel, puas, "
532,"proses cek in cepat tanpa deposit , dekat ciwalk , overall bagus .",dekat ciwalk,-,"([-1], [7, 8], ","(hotel, dekat ciwalk, "
534,bersih cuma toiletnya rusak sama sarapan kurang .,bersih,-,"([-1], [0], ","(hotel, bersih, "
544,lumayan bagus dan tempat nya strategis .,lumayan bagus,-,"([-1], [0, 1], ","(hotel, lumayan bagus, "
552,nyaman dan pelayanan bagus .,nyaman,-,"([-1], [0], ","(hotel, nyaman, "
554,"bersih , cuma kamar agak sempit . klu buat 2 orang cocok . klu buat keluarga yang sudah punya anak , sptnya kasihan anaknya .",bersih,-,"([-1], [0], ","(hotel, bersih, "
565,tmpatnya nyamn . brsh . dan ramah .,ramah,-,"([-1], [6], ","(hotel, ramah, "
566,sangat baik pelayanan prima .,sangat baik,-,"([-1], [0, 1], ","(hotel, sangat baik, "
572,letak stategis kamar oke pelayanan juga oke yang paling penting dekat dari tempat haul sekumpul .,dekat,-,"([-1], [10], ","(hotel, dekat, "
574,"kamar sempit , ac tidak dingin , berisik .",berisik,-,"([-1], [7], ","(hotel, berisik, "
577,"kamar nyaman , pelayanan oke . recom bangett .",recom bangett,-,"([-1], [6, 7], ","(hotel, recom bangett, "
580,"kamarnya bersih , pelayanan ramah . oke karena ada kolam renangnya . sayang menu sarapan kurang bervariasi .",oke,-,"([-1], [6], ","(hotel, oke, "
581,"sangat direkomendasikan untuk tinggal disini , bersih , sunyi dan tenang , dapat welcome snack dan ibunya so friendly . bintang 5 deh .",sangat direkomendasikan,-,"([-1], [0, 1], ","(hotel, sangat direkomendasikan, "
581,"sangat direkomendasikan untuk tinggal disini , bersih , sunyi dan tenang , dapat welcome snack dan ibunya so friendly . bintang 5 deh .",bersih,-,"([-1], [6], ","(hotel, bersih, "
581,"sangat direkomendasikan untuk tinggal disini , bersih , sunyi dan tenang , dapat welcome snack dan ibunya so friendly . bintang 5 deh .",sunyi,-,"([-1], [8], ","(hotel, sunyi, "
581,"sangat direkomendasikan untuk tinggal disini , bersih , sunyi dan tenang , dapat welcome snack dan ibunya so friendly . bintang 5 deh .",tenang,-,"([-1], [10], ","(hotel, tenang, "
585,"bersih banget , kamar mandi bersih , kasur tv dan ada snacknya , senang banget menginap disini , bakal jadi langganan .",bersih banget,-,"([-1], [0, 1], ","(hotel, bersih banget, "
585,"bersih banget , kamar mandi bersih , kasur tv dan ada snacknya , senang banget menginap disini , bakal jadi langganan .",senang banget,-,"([-1], [13, 14], ","(hotel, senang banget, "
586,kamar sangat bagus untuk biaya ekonomis . rekomen banget .,rekomen banget,-,"([-1], [7, 8], ","(hotel, rekomen banget, "
590,"lokasi yang strategis , gampang cari makan dekat dengan alfamart .",gampang,-,"([-1], [4], ","(hotel, gampang, "
592,"nyaman , dapat sarapan . minus parkir mobil padat .",nyaman,-,"([-1], [0], ","(hotel, nyaman, "
599,"payah . pelayanan kurang , tetapi bahkan ngotot nahan uang deposit .",payah,-,"([-1], [0], ","(hotel, payah, "
602,tempat nya bagus cuma sebelah studio musik jadi lumayan berisik .,lumayan berisik,-,"([-1], [8, 9], ","(hotel, lumayan berisik, "
604,"pemilik penginapan ramah dan kamarnya bersih , sangat memuaskan .",sangat memuaskan,-,"([-1], [7, 8], ","(hotel, sangat memuaskan, "
615,"saya sangat puas pertama kali menginap 2 malam di airy rooms . fasilitas lengkap , bersih , rapi dan nyaman banget pokoknya baru kali ini saya menginap seperti di hotel berbintang dengan harga yang sangat terjangkau sukses terus iya perbanyak diskon biar saya seringsering menginap , betah banget !",sangat puas,-,"([-1], [1, 2], ","(hotel, sangat puas, "
615,"saya sangat puas pertama kali menginap 2 malam di airy rooms . fasilitas lengkap , bersih , rapi dan nyaman banget pokoknya baru kali ini saya menginap seperti di hotel berbintang dengan harga yang sangat terjangkau sukses terus iya perbanyak diskon biar saya seringsering menginap , betah banget !",bersih,-,"([-1], [15], ","(hotel, bersih, "
615,"saya sangat puas pertama kali menginap 2 malam di airy rooms . fasilitas lengkap , bersih , rapi dan nyaman banget pokoknya baru kali ini saya menginap seperti di hotel berbintang dengan harga yang sangat terjangkau sukses terus iya perbanyak diskon biar saya seringsering menginap , betah banget !",rapi,-,"([-1], [17], ","(hotel, rapi, "
615,"saya sangat puas pertama kali menginap 2 malam di airy rooms . fasilitas lengkap , bersih , rapi dan nyaman banget pokoknya baru kali ini saya menginap seperti di hotel berbintang dengan harga yang sangat terjangkau sukses terus iya perbanyak diskon biar saya seringsering menginap , betah banget !",nyaman banget,-,"([-1], [19, 20], ","(hotel, nyaman banget, "
615,"saya sangat puas pertama kali menginap 2 malam di airy rooms . fasilitas lengkap , bersih , rapi dan nyaman banget pokoknya baru kali ini saya menginap seperti di hotel berbintang dengan harga yang sangat terjangkau sukses terus iya perbanyak diskon biar saya seringsering menginap , betah banget !",sangat terjangkau,-,"([-1], [34, 35], ","(hotel, sangat terjangkau, "
615,"saya sangat puas pertama kali menginap 2 malam di airy rooms . fasilitas lengkap , bersih , rapi dan nyaman banget pokoknya baru kali ini saya menginap seperti di hotel berbintang dengan harga yang sangat terjangkau sukses terus iya perbanyak diskon biar saya seringsering menginap , betah banget !",betah banget,-,"([-1], [46, 47], ","(hotel, betah banget, "
619,"sangat kecewa , dapat konfirmasi kamar ini penuh , padahal sebelum saya bayar masih ada 1 kamar kosong , mohon di perbaiki .",sangat kecewa,-,"([-1], [0, 1], ","(hotel, sangat kecewa, "
620,"saat saya memilih tempat ini , sangat mengecewakan dari pihak airy , karena pesanan kar saya di batalkan tibatiba . dengan alasan kamar telah penuh . padahal saya sudah memesan kamar hotel ini melalui airy dan sudah melakukan pembayaran . dan invoice saya sudah terbit . sangat kecewa dengan pihak airy .",sangat mengecewakan,-,"([-1], [6, 7], ","(hotel, sangat mengecewakan, "
620,"saat saya memilih tempat ini , sangat mengecewakan dari pihak airy , karena pesanan kar saya di batalkan tibatiba . dengan alasan kamar telah penuh . padahal saya sudah memesan kamar hotel ini melalui airy dan sudah melakukan pembayaran . dan invoice saya sudah terbit . sangat kecewa dengan pihak airy .",sangat kecewa,-,"([-1], [46, 47], ","(hotel, sangat kecewa, "
638,untuk kamar dengan harga kalau budget cukup memuaskan . hanya kurangnya tidak ada air panasnya dan kurang privasi . jadi kalau ada orang ngobrol di luar kedengaran dan cukup mengganggu .,kurang privasi,-,"([-1], [16, 17], ","(hotel, kurang privasi, "
642,tempat strategis karena akses ke alunalun selatan sangat dekat . sangat puas . bapak penjaganya juga sangat ramah .,sangat puas,-,"([-1], [10, 11], ","(hotel, sangat puas, "
643,"penginapan yang bagus dan unik , didalamnya bersih . makanan enak , dan pelayanan sangat memuaskan . bisa titip barang di lobi .",bersih,-,"([-1], [7], ","(hotel, bersih, "
646,"bersih , nyaman , lokasi strategis .",bersih,-,"([-1], [0], ","(hotel, bersih, "
646,"bersih , nyaman , lokasi strategis .",nyaman,-,"([-1], [2], ","(hotel, nyaman, "
649,baik . bersih . pelayanan cepat .,baik,-,"([-1], [0], ","(hotel, baik, "
649,baik . bersih . pelayanan cepat .,bersih,-,"([-1], [2], ","(hotel, bersih, "
650,"nyaman , tetapi ac nya kurang dingin . mudahmudahan bisa ditingkatkan . terimakasih .",nyaman,-,"([-1], [0], ","(hotel, nyaman, "
671,"ac tidak seberapa dingin , air pembuangan mandi masih belum lancar , pasta gigi kering jadi tidak bisa di pakai , tetapi so far . nyaman banget , pelayanan oke . kamar bersih . comfortable banget .",nyaman banget,-,"([-1], [25, 26], ","(hotel, nyaman banget, "
676,"kamarnya sangat rapi , bersih , pemandangan pool , sangat recomended dengan harganya yang pas .",sangat recomended,-,"([-1], [9, 10], ","(hotel, sangat recomended, "
677,cat tembok kamar banyak yang mengelupas . seram . keran kamar mandi susah disetel .,seram,-,"([-1], [7], ","(hotel, seram, "
682,bersih . rapi . hanya handuk yang perlu bawa sendiri .,bersih,-,"([-1], [0], ","(hotel, bersih, "
682,bersih . rapi . hanya handuk yang perlu bawa sendiri .,rapi,-,"([-1], [2], ","(hotel, rapi, "
684,"lumayan karena letaknya ditengah kota dan disediakan makanan ( breakfast ) juga . pegawai hotelnya pun ramah . tetapi untuk kamar tidak terlalu nyaman , pengap dan buat pusing . kamar mandi hotel berbunyi krietkriet sewaktu lantainya diinjak dan sedikit bau .",lumayan,-,"([-1], [0], ","(hotel, lumayan, "
686,"bersih . nyaman untuk stay for a while . cuma air panas agak lama , mungkin karena banyak yang pakai . over all sudah bagus .",bersih,-,"([-1], [0], ","(hotel, bersih, "
686,"bersih . nyaman untuk stay for a while . cuma air panas agak lama , mungkin karena banyak yang pakai . over all sudah bagus .",nyaman,-,"([-1], [2], ","(hotel, nyaman, "
689,"bagus , sayang dapat kamar yang lembab .",bagus,-,"([-1], [0], ","(hotel, bagus, "
696,"hotel yang tidak memuaskan , seperti bangunan yang tidak terawat . tidak dapat sunrise meal . kasur tween yang di dijadikan satu menjadi double . tidak dapat perlengkapan mandi ( sabun , sikat gigi dan sampo ) . ac tidak berfungsi dengan baik . tidak ada bantal kecil airy , tidak ada sponsor airy satupun . kamar bau , bed kotor . selang toilet tidak layak pakai .",tidak terawat,-,"([-1], [8, 9], ","(hotel, tidak terawat, "
698,bagus rapi sudah bersih dan pelayannya ramah .,bagus,-,"([-1], [0], ","(hotel, bagus, "
698,bagus rapi sudah bersih dan pelayannya ramah .,rapi,-,"([-1], [1], ","(hotel, rapi, "
698,bagus rapi sudah bersih dan pelayannya ramah .,bersih,-,"([-1], [3], ","(hotel, bersih, "
699,"lumayan , tetapi air panas nya tidak hidup .",lumayan,-,"([-1], [0], ","(hotel, lumayan, "
703,lokasi strategis harga murah dan ada kolam renang . cukup pantas .,cukup pantas,-,"([-1], [9, 10], ","(hotel, cukup pantas, "
708,bagus semuanya . yang pasti nyaman dan bersih .,nyaman,-,"([-1], [5], ","(hotel, nyaman, "
708,bagus semuanya . yang pasti nyaman dan bersih .,bersih,-,"([-1], [7], ","(hotel, bersih, "
709,istimewa dengan harga yang murah fasilitas nya oke banget .,istimewa,-,"([-1], [0], ","(hotel, istimewa, "
717,"kamarnya nyaman tetapi di lantailantai tidak kena wifi , dan sedikit kurang friendly . breakfastnya enak . yang double recommeded kalau ada wifinya .",sedikit kurang friendly,-,"([-1], [10, 11, 12], ","(hotel, sedikit kurang friendly, "
719,"alhamdulillah , terimakasih banyak airy nusa dua alam bali : ) suasana yang tenang dan rindang , dipadu dengan budaya bali , sangat menentramkan hati . plus bersih , pelayanan juga ramah dan fast respons . recommended : ) .",bersih,-,"([-1], [27], ","(hotel, bersih, "
719,"alhamdulillah , terimakasih banyak airy nusa dua alam bali : ) suasana yang tenang dan rindang , dipadu dengan budaya bali , sangat menentramkan hati . plus bersih , pelayanan juga ramah dan fast respons . recommended : ) .",recommended,-,"([-1], [36], ","(hotel, recommended, "
726,"sabun , snack , dan bathup nya tidak ada , tidak sesuai sama yang ada difoto .",tidak sesuai,-,"([-1], [10, 11], ","(hotel, tidak sesuai, "
742,tempat yang strategis dan kamar yang bagus serta kamar mandi yang bersih . ada air panasnya juga . mantap deh terimakasih iya .,mantap,-,"([-1], [18], ","(hotel, mantap, "
743,"nyaman dan nyenyak , suasana tenang kamar bersih . hanya saja kamar mandi agak sempit .",nyaman,-,"([-1], [0], ","(hotel, nyaman, "
743,"nyaman dan nyenyak , suasana tenang kamar bersih . hanya saja kamar mandi agak sempit .",nyenyak,-,"([-1], [2], ","(hotel, nyenyak, "
752,"bagus kamarnya nyaman , bersih , pelayanan ramah . cuma agak jauh iya mau kmana mana susah . masuknya dalam banget . tetapi buat yang ingin cari ketenangan cocok dehh .",bagus,-,"([-1], [0], ","(hotel, bagus, "
752,"bagus kamarnya nyaman , bersih , pelayanan ramah . cuma agak jauh iya mau kmana mana susah . masuknya dalam banget . tetapi buat yang ingin cari ketenangan cocok dehh .",jauh,-,"([-1], [11], ","(hotel, jauh, "
753,tempatnya luas . suka banget .,suka banget,-,"([-1], [3, 4], ","(hotel, suka banget, "
754,pegawai hotel ramah ramah . harga hotel juga tidak terlalu mahal . lebih murah jika via airy . terima kasih airy .,ramah,-,"([-1], [3], ","(hotel, ramah, "
759,kamar mandi dan wc tidak enak . shower lepas . gantungan baju pun tidak ada . tv tabung tidak ada tv cable . kecewa banget .,kecewa banget,-,"([-1], [23, 24], ","(hotel, kecewa banget, "
780,"enak , nyaman serta terjangkau tarifnya untuk menengah kebawah .",enak,-,"([-1], [0], ","(hotel, enak, "
780,"enak , nyaman serta terjangkau tarifnya untuk menengah kebawah .",nyaman,-,"([-1], [2], ","(hotel, nyaman, "
782,"worth it dengan harga minimum , dapat pelayanan maksimum .",worth,-,"([-1], [0], ","(hotel, worth, "
787,cukup bagus . kamar luas .,cukup bagus,-,"([-1], [0, 1], ","(hotel, cukup bagus, "
799,"bagus , tetapi lampunya itu lhoo . masak mati .",bagus,-,"([-1], [0], ","(hotel, bagus, "
802,"rekomen banget pokonya , enak , pelayanannya baik , lumayan ramah , bagus juga kamarnya .",rekomen banget,-,"([-1], [0, 1], ","(hotel, rekomen banget, "
802,"rekomen banget pokonya , enak , pelayanannya baik , lumayan ramah , bagus juga kamarnya .",enak,-,"([-1], [4], ","(hotel, enak, "
803,good ! hanya saja aliran air keran maupun shower kecil .,good,-,"([-1], [0], ","(hotel, good, "
805,"sangat menyenangkan , kamar bersih fasilitas oke banget sesuai sama digambar .",sangat menyenangkan,-,"([-1], [0, 1], ","(hotel, sangat menyenangkan, "
811,ternyata hotel wisata . fasilitas cukup minus pastikan gigiminus ada nyamuk agak lembab walaupun di luar ekpektasi tetapi cukup memuaskan .,ada,-,"([-1], [9], ","(hotel, ada, "
811,ternyata hotel wisata . fasilitas cukup minus pastikan gigiminus ada nyamuk agak lembab walaupun di luar ekpektasi tetapi cukup memuaskan .,agak lembab,-,"([-1], [11, 12], ","(hotel, agak lembab, "
817,cukup bagus . saya kurang paham saya tidak tahu tetapi saya cari tempat sampah kok tidak ada iya . a .,cukup bagus,-,"([-1], [0, 1], ","(hotel, cukup bagus, "
819,"kamarnya oke , pelayanan ramah , akses ke kota dekat , harga oke , recommended bagi kalian yang mau libur .",recommended,-,"([-1], [14], ","(hotel, recommended, "
822,semua bagus hanya susah signal saja .,susah signal,-,"([-1], [3, 4], ","(hotel, susah signal, "
824,kondisi kamar sesuai harga . bagus airy .,bagus,-,"([-1], [5], ","(hotel, bagus, "
825,"gedungnya perlu direnovasi , kamar terlihat kusam begitu juga depan furniturnya dan banyak nyamuk . menu breakfast sederhana , tetapi rasanya enak .",banyak nyamuk,-,"([-1], [12, 13], ","(hotel, banyak nyamuk, "
834,bersih . kamar nyaman . channel tv baik .,bersih,-,"([-1], [0], ","(hotel, bersih, "
838,"baik , kurang alas kaki , dan kesed depan toilet .",baik,-,"([-1], [0], ","(hotel, baik, "
851,baik dan selalu ingin kembali . cuma perbaiki wifi dan hot waternya untuk kamar tertentu .,baik,-,"([-1], [0], ","(hotel, baik, "
852,"parkir repot , banyak nyamuk di lobi , lama tunggu bisa masuk kamar , sarapan syahwat saja , ribet naik lantai 2 bawa koper pakai tangga , kunci pintu sempat macet , ada handuk bekas di lemari . lokasi strategis , banyak spot foto , karyawan ramah .",banyak nyamuk,-,"([-1], [3, 4], ","(hotel, banyak nyamuk, "
868,"bagus , strategis , ramah karyawanya , lain kali mau booking di situ lagi .",bagus,-,"([-1], [0], ","(hotel, bagus, "
868,"bagus , strategis , ramah karyawanya , lain kali mau booking di situ lagi .",strategis,-,"([-1], [2], ","(hotel, strategis, "
870,baik dan pelayanan sangat baik .,baik,-,"([-1], [0], ","(hotel, baik, "
881,"ac kurang dingin . pencahayaan kurang karena lampu kamar cuma 2 dan remangremang . banyak nyamuk , sarang labalaba di langitlangit kamar dan toilet . handuk kotor ada bekas karatan . kamar dan toilet baunya apek . tidak ada aroma hrum sedikitpun dalam kamar . yah sesuai harga .",remangremang,-,"([-1], [12], ","(hotel, remangremang, "
881,"ac kurang dingin . pencahayaan kurang karena lampu kamar cuma 2 dan remangremang . banyak nyamuk , sarang labalaba di langitlangit kamar dan toilet . handuk kotor ada bekas karatan . kamar dan toilet baunya apek . tidak ada aroma hrum sedikitpun dalam kamar . yah sesuai harga .",sarang labalaba,-,"([-1], [17, 18], ","(hotel, sarang labalaba, "
888,"kamar nya bagus banget , nyaman cuma satu yang buat kecewa dan tidak suka yaitu orang yang menunggu / cs nya alias pelayan nya tidak ramah sama sekali . cuma ngeliatin seperti orang judes . terus tertawa tertawa buat tamu tidak nyaman . tolong diperbaiki buat cs / pelayan mbak mbaknya . terimakasih .",kecewa,-,"([-1], [10], ","(hotel, kecewa, "
888,"kamar nya bagus banget , nyaman cuma satu yang buat kecewa dan tidak suka yaitu orang yang menunggu / cs nya alias pelayan nya tidak ramah sama sekali . cuma ngeliatin seperti orang judes . terus tertawa tertawa buat tamu tidak nyaman . tolong diperbaiki buat cs / pelayan mbak mbaknya . terimakasih .",tidak suka,-,"([-1], [12, 13], ","(hotel, tidak suka, "
898,"pelayanan memuaskan , merek mengijinkan untuk early check in dan sangat homey , breakfast yummy .",sangat homey,-,"([-1], [10, 11], ","(hotel, sangat homey, "
899,"tempatnya tenang . dapat sarapan nasi bungkus , kamar bersih dan dibersihkan tiap hari ketika tamu keluar , ada kulkas , ada dapur mini ( meskipun di kamar yang saya tempati gasnya habis dan akhirnya kompor tidak terpakai ) plus peralatan makan lengkap . recommended !",recommended,-,"([-1], [44], ","(hotel, recommended, "
903,bersih dan ramah pelayanannya .,bersih,-,"([-1], [0], ","(hotel, bersih, "
906,lumayan tetapi kamar sangatlah kecil .,lumayan,-,"([-1], [0], ","(hotel, lumayan, "
907,cukup nyaman kamar besar tetapi ac kurang dingin . enaknya cukup dekat kemanakemana tempat strategis .,cukup nyaman,-,"([-1], [0, 1], ","(hotel, cukup nyaman, "
908,"gila ! dengan harga segitu di airly sudah dapetin semuanya nyaman , bersih , sudah tersedia dari perlengkapan mandi sehingga minuman dan snack . ( maafin norak iya he karena saya pertama kali menggunakan jasa airy rooms ) .",nyaman,-,"([-1], [10], ","(hotel, nyaman, "
908,"gila ! dengan harga segitu di airly sudah dapetin semuanya nyaman , bersih , sudah tersedia dari perlengkapan mandi sehingga minuman dan snack . ( maafin norak iya he karena saya pertama kali menggunakan jasa airy rooms ) .",bersih,-,"([-1], [12], ","(hotel, bersih, "
915,cukup memuaskan dan karyawan cukup ramah ramah .,cukup memuaskan,-,"([-1], [0, 1], ","(hotel, cukup memuaskan, "
917,rekomen banget buat budget terbatas fasilitasnya semua oke .,rekomen banget,-,"([-1], [0, 1], ","(hotel, rekomen banget, "
918,cukup puas . hanya kamar madinya sempit banget iya . tetapi cukup lah buat kembali packer an . lain lainnya puas semua .,cukup puas,-,"([-1], [0, 1], ","(hotel, cukup puas, "
919,"baik dan memuaskan , masih kurang 2jam waktu check in kami sudah boleh masuk kamar , namun ketika kami baru masuk kamar toiletnya ( closed ) masih kotor . dan keset depan toilet juga kotor .",baik,-,"([-1], [0], ","(hotel, baik, "
919,"baik dan memuaskan , masih kurang 2jam waktu check in kami sudah boleh masuk kamar , namun ketika kami baru masuk kamar toiletnya ( closed ) masih kotor . dan keset depan toilet juga kotor .",memuaskan,-,"([-1], [2], ","(hotel, memuaskan, "
922,"sedikit kecewa untuk kita yang inap lebih dari satu malam , kamar tidak dibersihkan . seharusnya ada petugas yang bersihkan kamar tiap hari . kecuali ambil per bulan kamar nya , mungkin masih ada toleransi . seperti pelayanan hotel syariah yang lain seharus nya . parkiran untuk mobil tidak ada , saya jadi tidak nyaman , loundry juga tidak ada . terimakasih .",sedikit kecewa,-,"([-1], [0, 1], ","(hotel, sedikit kecewa, "
922,"sedikit kecewa untuk kita yang inap lebih dari satu malam , kamar tidak dibersihkan . seharusnya ada petugas yang bersihkan kamar tiap hari . kecuali ambil per bulan kamar nya , mungkin masih ada toleransi . seperti pelayanan hotel syariah yang lain seharus nya . parkiran untuk mobil tidak ada , saya jadi tidak nyaman , loundry juga tidak ada . terimakasih .",tidak nyaman,-,"([-1], [53, 54], ","(hotel, tidak nyaman, "
923,"so far lumayan sih buat budget hotel . tetapi pelayanannya agak kurang ini , wifi tidak terhubung , terus mau bersih up room , kunci digantungin begitu saja di pintu kamar , tidak disimpen lagi di resepsionis .",lumayan,-,"([-1], [2], ","(hotel, lumayan, "
924,"pelayanan okey . bersih , lumayan lah .",bersih,-,"([-1], [3], ","(hotel, bersih, "
924,"pelayanan okey . bersih , lumayan lah .",lumayan,-,"([-1], [5], ","(hotel, lumayan, "
925,"kamar oke harga oke , memuaskan dengan harga murah bisa dapat semua fasilitas , dapat sarapan juga ! mantabb .",memuaskan,-,"([-1], [5], ","(hotel, memuaskan, "
925,"kamar oke harga oke , memuaskan dengan harga murah bisa dapat semua fasilitas , dapat sarapan juga ! mantabb .",mantabb,-,"([-1], [18], ","(hotel, mantabb, "
930,worth it . sesuai dengan harga . sayang ac nya kurang dingin . keseluruhan sudah baik .,worth it,-,"([-1], [0, 1], ","(hotel, worth it, "
938,cukup baik hanya perlu perawatan saja di bagian kamar mandi . ruangan cukup bersih . cuma nyamuk masih banyak .,cukup baik,-,"([-1], [0, 1], ","(hotel, cukup baik, "
938,cukup baik hanya perlu perawatan saja di bagian kamar mandi . ruangan cukup bersih . cuma nyamuk masih banyak .,nyamuk masih banyak,-,"([-1], [16, 17, 18], ","(hotel, nyamuk masih banyak, "
941,"pelayanan super ramah , kamar cocok dengan foto , bagus , bersih , puas . thank you .",bagus,-,"([-1], [9], ","(hotel, bagus, "
941,"pelayanan super ramah , kamar cocok dengan foto , bagus , bersih , puas . thank you .",bersih,-,"([-1], [11], ","(hotel, bersih, "
941,"pelayanan super ramah , kamar cocok dengan foto , bagus , bersih , puas . thank you .",puas,-,"([-1], [13], ","(hotel, puas, "
942,kamarnya sangat bagus . bersih dan nyaman dan yang paling penting harganya yang sangat miring di banding hotel lainya . pokoknya mantap banget ini buat kalian yang butuh peristirahatan .,mantap banget,-,"([-1], [21, 22], ","(hotel, mantap banget, "
943,bagus tetapi tidak kedap suara dari resepsionis ribut jadi susah tidur .,bagus,-,"([-1], [0], ","(hotel, bagus, "
943,bagus tetapi tidak kedap suara dari resepsionis ribut jadi susah tidur .,tidak kedap suara,-,"([-1], [2, 3, 4], ","(hotel, tidak kedap suara, "
949,"kamar nyaman , bersih dan rapi , lokasi lumayan strategis , pelayanan baik dan staf hotel ramah . good .",good,-,"([-1], [18], ","(hotel, good, "
952,"semua fasilitas sesuai , hanya wifi saja yang kurang bagus , nyaman , bersih , dan tidak ribet pokoknya oke deh .",nyaman,-,"([-1], [11], ","(hotel, nyaman, "
952,"semua fasilitas sesuai , hanya wifi saja yang kurang bagus , nyaman , bersih , dan tidak ribet pokoknya oke deh .",bersih,-,"([-1], [13], ","(hotel, bersih, "
952,"semua fasilitas sesuai , hanya wifi saja yang kurang bagus , nyaman , bersih , dan tidak ribet pokoknya oke deh .",oke,-,"([-1], [19], ","(hotel, oke, "
954,"tidak ada handuk , kamar berjamur , bau tidak sedap , seprai juga kurang bersih . alhasil begitu cek in langsung pergi cari airy lain .",bau tidak sedap,-,"([-1], [7, 8, 9], ","(hotel, bau tidak sedap, "
955,"maaf , kamar dihotel ini tidak sesuai dengan tagline airy . murah iya , tetapi jauh dari layak huni . kamar pengap , seprai dan lantai kotor , handuk seperti keset , ac berisik dan tidak dingin , kamar mandi tidak ada gantungan baju , pintu kamar susah dikunci dan tidak ada tempat sampah . dan saat itu lagi renovasi , jalan dari lobi ke kamar penuh pasir .",murah,-,"([-1], [11], ","(hotel, murah, "
956,bersih banget . tetapi sayang tidak ada smoking room dan smoking area .,bersih banget,-,"([-1], [0, 1], ","(hotel, bersih banget, "
959,kecewa saya . jika pelayannya menyampaikan bagus sih tidak masalah tambah . tetapi sudah ruangan tidak memadai dan pelayan tidak memuaskan . harga segitu mash lebih baik pesan hotel saja . saya bilang tidak ada refund . uang saya hilang nanti . tidak digubris . traveloka . bisa minta tolong bagaimana itu uang saya .,kecewa,-,"([-1], [0], ","(hotel, kecewa, "
962,"mantap , layanan sangat bagus , tempat nya bersih .",mantap,-,"([-1], [0], ","(hotel, mantap, "
970,"kamar kecil , tetapi nyaman , kamar mandi bersih walau toiletnya airnya kurang lancar . rekomended buat yang mau menghinap dengan harga ramah tetapi nyaman .",rekomended,-,"([-1], [15], ","(hotel, rekomended, "
970,"kamar kecil , tetapi nyaman , kamar mandi bersih walau toiletnya airnya kurang lancar . rekomended buat yang mau menghinap dengan harga ramah tetapi nyaman .",nyaman,-,"([-1], [24], ","(hotel, nyaman, "
972,"bagus , nyaman , tetapi selimutnya pada rontok jadi nempel di baju , overall oke .",bagus,-,"([-1], [0], ","(hotel, bagus, "
972,"bagus , nyaman , tetapi selimutnya pada rontok jadi nempel di baju , overall oke .",nyaman,-,"([-1], [2], ","(hotel, nyaman, "
977,"pengalaman saya disini menyenangkan . tetapi di kamar tidak disediakan cermin , kemudian gagang pintu kamar mandi tidak ada , air hangat sering mati . tetapi kualitas wifi dan tv saya akui baik .",menyenangkan,-,"([-1], [3], ","(hotel, menyenangkan, "
993,"bersih , nyaman , pelayanan super ramah . thankyou .",bersih,-,"([-1], [0], ","(hotel, bersih, "
993,"bersih , nyaman , pelayanan super ramah . thankyou .",nyaman,-,"([-1], [2], ","(hotel, nyaman, "
995,"lumayan , harga murah banged .",lumayan,-,"([-1], [0], ","(hotel, lumayan, "
997,"kamar sangat nyaman dan bersih , sungguh menyenangkan dan membuat istirahat lebih baik .",sungguh menyenangkan,-,"([-1], [6, 7], ","(hotel, sungguh menyenangkan, "
